word,result,cluster
FAANG,"[0.07899949699640274,-0.14043039083480835,0.04881294444203377]",0
Hadoop,"[-0.12487713247537613,0.06365692615509033,0.16287396848201752]",0
CI,"[0.1455136090517044,-0.07686897367238998,0.040819186717271805]",1
TB,"[-0.09543299674987793,-0.0022584397811442614,-0.06339617818593979]",1
Athena,"[-0.12093207985162735,-0.07080861181020737,0.1666521430015564]",0
Synapse,"[0.09595376253128052,-0.13923479616641998,0.10261666774749756]",0
Snowflake,"[0.09168672561645508,0.08176138252019882,0.10040048509836197]",2
ML,"[-0.051038164645433426,0.1605667918920517,0.07131794840097427]",2
Elasticsearch,"[0.04559808969497681,0.07258077710866928,0.12801514565944672]",2
BigQuery,"[0.15367387235164642,0.1645054668188095,0.052908916026353836]",2
Instacart,"[0.023335793986916542,0.0007310112123377621,-0.013490159995853901]",1
DBA,"[0.15768933296203613,0.08022809028625488,0.09976967424154282]",2
ClickHouse,"[0.1047356128692627,-0.005145251750946045,-0.00916991662234068]",1
Google,"[0.14666759967803955,-0.0839037299156189,-0.026136478409171104]",1
Apache,"[0.09419276565313339,0.14582060277462006,-0.13668657839298248]",2
Power BI,"[0.1603953093290329,0.0045678019523620605,0.08103976398706436]",2
DBT,"[-0.1261422485113144,-0.028989175334572792,0.09204777330160141]",0
ELT,"[-0.040931303054094315,-0.10226365178823471,-0.12731902301311493]",1
CLI,"[-0.009298046119511127,-0.12467791885137558,0.07815194129943848]",0
CTO,"[0.049129486083984375,0.13442839682102203,0.002121527912095189]",2
Postgres,"[0.06797909736633301,0.08349839597940445,0.15905101597309113]",2
Excel,"[-0.08865825086832047,-0.04836571216583252,0.16393166780471802]",0
Kubernetes,"[0.05129172280430794,-0.03734336420893669,-0.09954428672790527]",1
Amazon,"[0.1553363800048828,-0.14434175193309784,-0.05521279573440552]",1
GitHub,"[0.005332589149475098,-0.12500910460948944,-0.14407558739185333]",1
BI,"[0.06865400075912476,0.02322310209274292,-0.1387399435043335]",1
Data,"[0.0985199585556984,-0.049927931278944016,0.025564372539520264]",1
GCP,"[-0.06788446754217148,-0.04307675361633301,0.0696210265159607]",0
Microsoft,"[0.09976162761449814,0.10913733392953873,0.11306720972061157]",2
Kestra,"[-0.05189903452992439,-0.11862126737833023,0.10472331196069717]",0
Pandas,"[-0.10337909311056137,0.05914835259318352,0.15193264186382294]",0
Scott,"[-0.13690346479415894,-0.043832361698150635,0.009779890067875385]",0
CSV,"[0.08251694589853287,-0.16227750480175018,0.14515022933483124]",0
DAG,"[0.09418419748544693,0.11707780510187149,-0.10952665656805038]",2
Terraform,"[-0.1288318783044815,-0.08792642503976822,-0.11099022626876831]",1
Data Scientists,"[-0.025621989741921425,-0.040056049823760986,0.16010022163391113]",0
XML,"[-0.13069696724414825,-0.02478679083287716,0.13032792508602142]",0
Redshift,"[-0.14788152277469635,0.01042628288269043,-0.13084499537944794]",1
Data Engineers,"[-0.09497777372598648,0.15514732897281647,0.07652095705270767]",2
SQL,"[0.07216531038284302,-0.11942245811223984,0.10318013280630112]",0
Spark,"[-0.002789954422041774,0.0757625475525856,0.14362622797489166]",2
PySpark,"[0.03906281664967537,-0.028709331527352333,0.1413748413324356]",0
API,"[0.05864043906331062,0.16391216218471527,0.08229130506515503]",2
S3,"[-0.1527305245399475,-0.002972205402329564,0.04877205565571785]",0
TDW,"[0.06051027774810791,0.127589151263237,0.11428513377904892]",2
DWH,"[-0.019762715324759483,-0.1262100338935852,-0.0624021477997303]",1
QA,"[-0.09670960903167725,0.02534361742436886,0.10222452878952026]",0
ETL,"[0.061359744518995285,0.11827123165130615,0.14265869557857513]",2
Apache Airflow,"[-0.04244297742843628,0.12226025015115738,0.13187837600708008]",2
AWS,"[0.14103806018829346,-0.06996852159500122,-0.08200746774673462]",1
